F090W_vega,F150W_vega
19.496,18.213
20.047,18.513
20.991,19.869
20.969,20.282
21.368,20.201
21.405,20.553
21.828,20.622
21.867,21.29
21.918,21.289
22.022,21.446
23.175,21.413
22.687,21.587
22.271,21.733
22.387,21.835
22.521,21.914
22.603,21.933
22.794,22.214
23.993,21.995
25.556,22.154
23.445,22.731
23.722,22.8
23.72,22.862
26.159,22.841
24.092,22.948
23.892,23.166
24.057,23.103
23.942,23.139
24.028,23.168
25.052,23.082
24.075,23.297
24.42,23.263
24.294,23.351
24.196,23.335
24.318,23.327
24.296,23.362
24.339,23.43
24.483,23.534
25.116,23.355
24.41,23.526
24.601,23.591
24.66,23.661
24.744,23.781
24.831,23.796
24.999,23.978
25.928,23.998
25.717,23.963
25.672,24.038
25.435,23.998
25.633,24.014
25.65,24.114
26.352,24.14
26.297,24.159
26.083,24.189
26.173,24.184
25.925,24.221
26.021,24.181
26.083,24.174
25.443,24.314
25.804,24.22
25.993,24.291
25.457,24.362
25.416,24.352
25.464,24.347
25.417,24.366
26.356,24.319
26.562,24.353
25.445,24.353
25.953,24.362
25.997,24.388
26.558,24.348
26.226,24.366
25.558,24.445
26.175,24.373
26.389,24.408
26.331,24.422
26.314,24.349
25.981,24.369
25.603,24.434
26.243,24.446
26.345,24.439
26.326,24.439
26.42,24.431
26.117,24.46
25.894,24.402
26.334,24.458
26.54,24.491
26.553,24.453
26.542,24.454
26.271,24.457
26.277,24.503
26.446,24.447
26.165,24.528
26.285,24.456
26.501,24.455
26.278,24.536
26.331,24.531
25.783,24.577
28.045,24.703
26.111,24.506
26.162,24.487
26.313,24.496
26.197,24.557
26.396,24.538
25.676,24.571
26.422,24.587
26.318,24.526
26.249,24.573
26.121,24.615
26.384,24.535
26.126,24.613
26.557,24.62
26.734,24.561
26.085,24.559
26.364,24.62
26.848,24.581
25.78,24.598
26.64,24.639
26.344,24.57
25.749,24.613
26.249,24.594
26.282,24.59
26.388,24.612
26.476,24.652
26.229,24.589
27.256,24.691
26.624,24.589
25.768,24.649
26.453,24.675
26.387,24.669
25.751,24.674
26.208,24.619
26.634,24.682
26.423,24.676
26.715,24.707
26.486,24.695
26.216,24.637
26.458,24.707
26.45,24.684
25.859,24.768
26.406,24.661
26.32,24.657
26.476,24.719
26.452,24.729
26.363,24.726
26.706,24.735
26.325,24.747
26.593,24.753
26.646,24.732
26.408,24.728
26.59,24.743
26.493,24.683
26.45,24.743
26.415,24.765
26.774,24.764
26.337,24.764
26.491,24.7
26.361,24.755
26.258,24.785
26.476,24.776
26.492,24.776
26.464,24.787
26.937,24.74
26.783,24.737
26.322,24.791
26.467,24.783
26.509,24.769
25.869,24.803
26.312,24.82
26.569,24.793
26.644,24.737
26.453,24.816
25.954,24.856
26.514,24.749
26.194,24.85
26.414,24.839
26.712,24.815
26.318,24.788
26.843,24.777
26.531,24.826
27.166,24.865
26.424,24.858
27.288,24.807
26.034,24.868
26.711,24.832
26.011,24.89
26.398,24.776
26.842,24.839
26.938,24.873
26.396,24.862
26.37,24.806
26.525,24.862
26.432,24.806
26.732,24.857
26.604,24.871
26.827,24.801
26.756,24.817
26.586,24.881
26.492,24.862
26.452,24.88
26.208,24.85
26.794,24.832
26.593,24.837
26.647,24.912
26.644,24.898
26.074,24.936
26.61,24.842
26.587,24.881
26.699,24.906
26.416,24.9
26.664,24.884
26.699,24.911
26.432,24.866
26.688,24.906
26.496,24.938
26.872,24.942
26.504,24.889
26.524,24.877
26.341,24.876
26.674,24.941
27.019,24.953
26.729,24.889
26.54,24.887
26.511,24.873
26.369,24.959
26.982,24.974
26.533,24.887
26.373,24.966
26.561,24.908
26.713,24.917
26.641,24.959
26.036,24.937
26.705,24.973
26.412,24.994
26.789,24.935
26.62,24.962
26.89,25.011
26.617,24.979
26.954,25.038
26.535,24.94
26.45,25.006
26.781,25.036
26.536,24.982
26.72,25.016
26.554,24.966
26.66,24.963
26.749,24.981
26.588,25.021
26.849,24.985
26.827,25.053
27.016,25.023
26.202,25.105
26.729,24.981
26.729,24.995
26.526,24.997
26.399,25.078
26.741,25.066
26.739,24.987
26.684,25.074
26.683,25.064
26.496,25.005
26.732,25.072
26.719,25.06
27.349,25.037
26.922,25.002
26.218,25.033
26.947,25.063
26.612,25.081
26.659,25.052
26.54,25.084
26.401,25.018
26.531,25.059
26.686,25.031
26.948,25.103
26.088,25.096
26.63,25.074
27.079,25.099
26.589,25.092
26.855,25.048
26.713,25.106
27.031,25.042
26.68,25.089
26.559,25.124
27.017,25.127
26.427,25.125
26.375,25.086
26.807,25.072
26.569,25.119
26.659,25.063
26.731,25.052
26.652,25.067
26.695,25.07
26.535,25.15
26.542,25.15
26.657,25.094
26.787,25.147
26.646,25.135
26.736,25.16
27.386,25.165
26.654,25.087
26.26,25.189
26.228,25.2
26.675,25.103
26.79,25.15
26.816,25.173
26.884,25.158
26.761,25.183
26.891,25.179
26.703,25.151
26.833,25.189
26.644,25.16
26.601,25.105
26.657,25.175
26.681,25.121
26.695,25.118
27.292,25.216
26.357,25.224
26.583,25.147
26.462,25.155
27.008,25.184
27.337,25.155
26.789,25.219
26.96,25.133
27.026,25.146
26.813,25.131
26.382,25.248
26.98,25.209
26.713,25.158
26.792,25.21
26.635,25.16
26.16,25.205
26.441,25.244
26.223,25.283
26.722,25.233
26.786,25.208
27.048,25.227
26.797,25.229
26.72,25.163
26.826,25.215
26.725,25.213
26.843,25.173
26.718,25.174
26.762,25.225
26.608,25.162
26.74,25.184
26.625,25.18
26.979,25.251
26.717,25.223
26.472,25.265
26.855,25.199
26.992,25.209
26.669,25.227
26.873,25.263
26.865,25.209
26.704,25.211
26.841,25.283
27.843,25.327
26.796,25.26
26.706,25.279
26.719,25.221
26.921,25.29
26.464,25.245
26.752,25.278
26.754,25.302
26.705,25.238
26.887,25.241
26.871,25.254
27.669,25.336
26.725,25.324
26.802,25.284
26.93,25.34
26.875,25.264
26.983,25.272
27.418,25.307
26.917,25.273
26.955,25.347
26.782,25.268
26.972,25.354
27.006,25.356
26.962,25.278
26.737,25.31
26.895,25.342
26.798,25.38
26.939,25.307
26.7,25.298
26.52,25.402
26.933,25.395
26.802,25.363
26.775,25.371
26.685,25.399
26.835,25.398
26.903,25.329
26.941,25.342
26.8,25.337
26.784,25.406
26.505,25.378
26.599,25.377
26.964,25.38
26.564,25.424
26.8,25.354
26.706,25.466
26.909,25.418
27.07,25.415
26.899,25.425
26.981,25.435
26.563,25.423
26.866,25.454
26.876,25.408
27.013,25.411
26.939,25.438
27.139,25.459
27.002,25.452
27.067,25.475
26.907,25.426
27.76,25.449
27.07,25.469
26.521,25.476
26.864,25.45
26.888,25.427
26.279,25.612
27.019,25.516
27.078,25.427
26.594,25.529
26.699,25.465
26.91,25.519
27.003,25.463
27.149,25.505
26.558,25.498
27.085,25.524
27.031,25.507
27.025,25.541
27.013,25.542
26.928,25.464
27.354,25.474
26.539,25.505
26.918,25.534
27.188,25.526
27.331,25.56
27.028,25.536
26.909,25.485
26.922,25.528
26.655,25.574
27.016,25.537
27.058,25.511
27.176,25.548
27.095,25.552
26.935,25.559
27.02,25.499
26.477,25.647
26.967,25.495
27.142,25.577
26.622,25.565
27.176,25.584
26.885,25.524
26.98,25.594
27.121,25.576
27.157,25.574
27.057,25.571
27.121,25.501
27.072,25.581
27.178,25.575
27.064,25.595
26.905,25.546
27.181,25.572
27.143,25.573
26.919,25.583
27.244,25.584
27.176,25.597
27.094,25.58
26.965,25.551
27.155,25.578
27.017,25.591
27.051,25.587
26.712,25.627
27.03,25.615
27.17,25.598
27.088,25.531
26.922,25.596
27.159,25.533
27.152,25.614
27.198,25.604
27.156,25.547
26.71,25.576
27.126,25.626
27.013,25.547
27.085,25.615
26.742,25.637
27.235,25.631
27.133,25.619
27.098,25.54
27.172,25.605
27.235,25.631
26.667,25.609
27.224,25.629
26.954,25.591
27.108,25.619
27.279,25.578
27.159,25.642
27.171,25.599
27.135,25.597
27.41,25.631
27.045,25.628
26.856,25.594
27.413,25.645
27.172,25.653
27.117,25.6
27.422,25.646
26.836,25.652
27.182,25.654
27.068,25.575
27.216,25.593
27.276,25.659
27.321,25.661
27.146,25.643
26.622,25.641
27.081,25.663
27.213,25.688
27.166,25.645
27.024,25.582
27.19,25.645
27.354,25.665
27.32,25.641
27.01,25.622
26.974,25.622
27.163,25.661
27.228,25.612
27.176,25.58
27.203,25.674
27.38,25.659
27.097,25.648
27.181,25.666
26.887,25.686
27.311,25.596
27.22,25.612
27.159,25.612
27.171,25.687
26.774,25.645
27.168,25.666
27.268,25.639
26.898,25.636
27.16,25.634
27.313,25.658
27.171,25.657
27.213,25.697
26.715,25.725
27.141,25.658
27.136,25.702
27.194,25.647
27.232,25.69
27.128,25.689
27.272,25.651
27.211,25.706
27.153,25.683
27.251,25.701
27.113,25.686
27.33,25.698
27.337,25.65
27.348,25.674
27.078,25.693
27.214,25.708
27.11,25.651
27.204,25.64
27.205,25.64
27.086,25.643
27.161,25.643
27.155,25.705
27.193,25.705
27.252,25.708
26.731,25.685
27.106,25.628
27.142,25.619
26.408,25.934
27.172,25.641
27.205,25.721
27.192,25.679
27.144,25.742
27.135,25.641
27.235,25.693
27.211,25.656
27.197,25.718
27.161,25.717
27.154,25.743
27.392,25.721
27.266,25.711
27.202,25.698
27.294,25.71
27.302,25.731
27.116,25.663
27.347,25.734
27.302,25.665
27.35,25.683
28.084,25.702
27.29,25.738
27.116,25.761
27.449,25.702
27.165,25.672
27.397,25.731
27.293,25.699
27.087,25.765
27.35,25.737
27.127,25.712
27.114,25.682
27.122,25.752
27.137,25.767
27.243,25.747
27.199,25.707
27.257,25.759
27.207,25.688
27.355,25.687
27.206,25.723
27.383,25.71
27.159,25.763
27.362,25.776
27.236,25.752
27.348,25.782
27.404,25.777
27.169,25.752
27.409,25.766
27.374,25.774
27.488,25.717
27.043,25.771
27.432,25.781
27.248,25.784
27.424,25.774
27.353,25.786
27.233,25.773
27.208,25.727
27.274,25.731
27.459,25.803
27.259,25.782
27.335,25.776
27.316,25.726
27.143,25.725
27.251,25.729
27.289,25.795
27.599,25.729
27.423,25.78
27.518,25.8
27.321,25.791
27.259,25.726
27.203,25.733
27.26,25.809
27.538,25.723
27.28,25.814
27.51,25.776
27.112,25.724
27.445,25.808
27.352,25.797
27.39,25.817
27.38,25.813
27.416,25.79
27.47,25.755
27.366,25.761
27.315,25.795
27.23,25.828
27.337,25.816
27.295,25.741
27.166,25.794
26.93,25.776
27.214,25.819
27.158,25.824
27.363,25.8
27.247,25.736
27.083,25.825
27.375,25.836
27.278,25.759
27.239,25.771
27.144,25.813
27.26,25.816
27.292,25.821
27.32,25.806
27.289,25.75
27.371,25.836
27.216,25.808
27.17,25.76
27.227,25.828
27.247,25.819
27.181,25.838
27.293,25.812
27.21,25.828
27.628,25.811
27.363,25.82
27.405,25.86
27.28,25.788
27.392,25.823
27.476,25.832
27.391,25.82
27.236,25.82
27.15,25.789
27.426,25.834
27.962,25.801
27.22,25.854
27.29,25.824
27.267,25.843
27.233,25.84
27.212,25.85
27.387,25.86
27.416,25.842
27.344,25.852
27.171,25.793
27.276,25.832
26.834,25.868
27.225,25.808
27.173,25.788
27.217,25.845
27.286,25.854
27.253,25.837
27.103,25.862
27.362,25.856
27.32,25.779
27.255,25.864
27.383,25.84
27.205,25.816
27.351,25.817
27.172,25.79
27.425,25.87
26.932,25.878
27.242,25.785
27.373,25.852
27.41,25.796
27.216,25.8
27.365,25.832
27.26,25.865
27.319,25.842
27.299,25.85
27.172,25.824
27.262,25.819
27.1,25.782
27.324,25.803
27.526,25.881
27.352,25.887
27.251,25.861
27.411,25.819
27.363,25.808
27.199,25.872
26.862,25.896
27.412,25.868
27.327,25.868
27.541,25.903
27.178,25.885
27.266,25.872
27.269,25.865
27.433,25.877
27.54,25.882
27.307,25.89
27.416,25.902
27.264,25.879
27.166,25.898
27.29,25.875
27.235,25.854
27.456,25.82
27.324,25.883
27.32,25.888
27.345,25.835
27.209,25.905
27.493,25.844
27.206,25.902
27.504,25.906
27.428,25.903
27.242,25.914
27.242,25.885
27.186,25.918
27.455,25.902
27.359,25.908
27.363,25.888
27.309,25.902
27.245,25.916
27.483,25.916
27.362,25.902
28.037,25.948
27.285,25.908
27.479,25.893
27.478,25.895
27.33,25.851
27.556,25.923
27.292,25.913
27.357,25.943
27.244,25.841
27.22,25.903
27.271,25.855
27.486,25.915
27.452,25.916
27.239,25.874
27.227,25.911
27.289,25.843
27.321,25.866
27.233,25.945
27.245,25.845
27.367,25.917
27.542,25.921
27.299,25.898
27.354,25.879
27.575,25.89
27.219,25.848
26.966,25.933
27.351,25.938
27.294,25.854
27.364,25.926
27.597,25.945
27.366,25.926
27.277,25.934
27.193,25.874
27.409,25.878
27.06,25.945
27.205,25.943
27.325,25.93
27.511,25.944
27.262,25.858
27.256,25.872
27.576,25.956
27.375,25.858
27.231,25.925
27.498,25.926
27.327,25.942
27.346,25.937
27.225,25.953
27.211,25.883
27.519,25.929
27.58,25.96
27.27,25.87
27.229,25.892
27.426,25.919
27.278,25.912
27.278,25.956
27.355,25.949
27.497,25.937
27.452,25.934
27.475,25.888
27.322,25.878
27.332,25.887
26.991,25.929
27.332,25.92
27.24,25.938
27.26,25.945
27.341,25.975
27.396,25.899
27.48,25.893
28.433,26.004
27.313,25.937
27.226,25.951
27.339,25.906
27.418,25.963
27.513,25.966
27.376,25.973
27.715,25.987
27.443,25.916
27.236,25.985
27.311,25.917
27.229,25.964
27.53,25.939
26.761,26.244
27.104,25.976
27.356,25.964
27.444,25.965
27.572,25.979
27.317,25.929
27.443,25.915
27.298,25.968
27.357,25.945
27.548,25.975
27.387,25.921
27.503,25.987
27.502,25.922
27.251,25.934
27.514,25.959
27.299,25.922
27.233,25.982
27.557,25.936
27.386,25.997
27.424,25.982
27.621,26.012
27.483,25.975
27.431,25.921
27.084,25.985
27.436,25.984
27.45,25.904
27.189,25.987
27.423,25.979
27.369,25.978
27.648,25.974
27.41,25.945
27.377,25.94
27.276,25.914
27.445,25.981
27.569,26.003
27.538,25.995
27.15,25.943
27.276,26.021
27.572,25.928
27.482,25.985
27.336,25.995
27.204,26.022
27.349,25.992
27.532,25.994
27.438,25.99
27.258,25.945
27.241,26.002
27.438,26.011
27.474,26.0
27.524,26.006
27.551,26.017
27.339,26.007
27.323,26.016
27.52,25.991
27.695,25.972
27.487,26.018
27.403,25.975
27.616,25.992
27.327,26.016
27.375,25.944
27.582,25.961
27.31,25.969
27.444,25.952
27.565,26.031
27.337,26.018
27.507,25.999
27.394,26.017
27.445,25.931
27.18,26.04
27.534,25.965
27.809,26.026
27.265,25.951
27.304,26.023
27.542,26.021
27.585,25.995
27.101,26.03
27.283,26.02
27.52,26.019
27.361,25.942
27.402,26.038
27.44,26.018
27.423,26.012
27.518,26.01
27.526,25.98
27.496,26.044
27.388,25.97
27.655,26.026
27.657,26.029
27.499,26.0
27.4,26.037
27.331,26.032
27.481,26.004
27.279,26.055
27.419,26.036
27.468,25.994
27.551,26.034
27.37,25.984
27.688,26.043
27.228,25.977
27.261,26.016
27.347,25.938
27.803,26.042
27.415,26.017
27.624,26.061
27.465,25.984
27.448,26.053
27.499,26.019
27.433,25.984
27.482,26.038
27.576,26.06
27.58,26.039
27.394,25.987
27.422,26.038
27.264,26.001
27.432,25.979
27.187,26.012
27.475,26.043
27.562,26.052
27.39,26.042
27.444,25.969
27.577,26.04
27.433,25.959
27.467,25.975
27.49,26.037
27.357,26.038
27.461,26.023
27.393,26.025
27.407,25.972
27.329,25.968
27.262,26.0
27.468,26.059
27.458,25.968
27.515,26.064
27.412,26.033
27.558,26.044
27.407,25.987
27.243,26.094
27.44,25.978
27.121,26.105
27.314,26.007
27.493,26.054
27.569,25.995
27.491,25.962
27.568,26.072
27.358,26.054
27.422,26.036
27.623,26.068
27.413,26.071
27.52,26.057
27.288,26.012
27.376,25.997
27.425,26.055
27.109,25.997
27.596,26.027
27.413,26.068
27.192,26.067
27.436,26.063
27.755,26.055
27.406,26.08
27.381,26.011
27.604,26.071
27.647,26.086
27.329,26.024
27.505,26.054
27.589,26.057
27.414,25.99
27.483,26.044
27.477,26.0
27.47,26.064
27.177,26.09
27.41,26.014
27.213,26.095
27.369,26.084
27.376,26.071
27.504,26.066
27.424,26.049
27.446,26.022
27.719,26.041
27.496,26.024
27.241,26.022
27.628,26.077
27.592,26.07
27.643,26.024
27.578,26.086
27.474,26.004
27.442,26.063
27.516,26.078
27.76,26.098
27.445,26.03
27.389,26.035
27.524,26.032
27.692,26.086
27.455,26.037
27.481,26.077
27.177,26.119
27.448,26.071
26.821,26.118
27.427,26.018
27.324,26.099
27.485,26.022
27.374,26.043
27.271,26.031
27.694,26.085
27.562,26.089
27.264,26.121
27.47,26.094
27.619,26.069
27.546,26.031
27.394,26.036
27.473,26.037
27.467,26.12
27.636,26.078
27.426,26.041
27.345,26.025
27.487,26.046
27.567,26.093
27.537,26.106
27.297,26.051
27.579,26.087
27.572,26.125
27.374,26.093
27.599,26.097
27.504,26.029
27.649,26.092
27.588,26.036
27.594,26.101
27.685,26.123
27.759,26.114
27.336,26.04
27.539,26.023
27.451,26.104
27.392,26.1
27.536,26.097
27.368,26.122
27.539,26.11
27.261,26.043
27.485,26.098
27.56,26.097
27.659,26.122
27.522,26.072
27.334,26.049
27.383,26.069
27.731,26.105
27.543,26.09
27.439,26.118
27.451,26.04
27.483,26.113
27.227,26.077
27.288,26.131
27.496,26.055
27.443,26.123
27.636,26.105
27.641,26.04
27.294,26.096
27.531,26.124
27.506,26.071
27.415,26.027
27.403,26.136
27.486,26.127
27.427,26.13
27.731,26.048
27.632,26.1
27.312,26.067
27.573,26.134
27.448,26.117
27.691,26.074
27.521,26.052
27.418,26.128
27.501,26.046
27.417,26.061
27.336,26.139
27.485,26.035
27.726,26.112
27.507,26.041
27.519,26.063
27.257,26.129
27.355,26.118
27.444,26.142
27.486,26.077
27.734,26.073
27.404,26.087
27.454,26.133
27.381,26.072
27.519,26.132
27.898,26.127
27.332,26.119
27.502,26.086
27.486,26.142
27.638,26.138
27.286,26.139
27.593,26.12
27.409,26.047
27.429,26.12
27.577,26.129
27.551,26.071
27.38,26.104
27.483,26.161
27.693,26.143
27.462,26.137
27.435,26.09
27.492,26.135
27.578,26.149
27.337,26.173
27.604,26.074
27.489,26.133
27.627,26.095
27.513,26.081
27.473,26.081
27.474,26.134
27.469,26.108
27.315,26.148
27.519,26.136
27.632,26.08
27.362,26.111
27.743,26.124
27.817,26.133
27.564,26.147
27.721,26.152
27.529,26.166
27.651,26.131
27.581,26.141
27.245,26.1
27.715,26.131
27.583,26.089
27.252,26.136
27.34,26.166
27.401,26.116
27.55,26.185
27.591,26.072
27.45,26.085
27.651,26.153
27.654,26.18
27.528,26.178
27.804,26.163
27.66,26.093
27.441,26.155
27.514,26.103
27.672,26.097
27.596,26.152
27.458,26.175
27.58,26.101
27.388,26.137
27.659,26.11
27.409,26.105
27.406,26.084
27.471,26.134
27.488,26.101
27.464,26.109
27.586,26.107
27.461,26.109
27.636,26.099
27.219,26.126
27.669,26.182
27.456,26.175
27.656,26.155
27.559,26.15
27.531,26.093
27.331,26.12
27.711,26.167
27.4,26.14
27.548,26.17
27.466,26.118
27.474,26.17
27.697,26.116
27.35,26.195
27.595,26.109
27.552,26.181
27.522,26.101
27.522,26.185
27.789,26.15
27.596,26.127
27.542,26.186
27.641,26.172
27.557,26.126
27.459,26.144
27.404,26.141
27.543,26.182
27.619,26.166
27.432,26.199
27.573,26.19
27.804,26.178
27.517,26.123
27.558,26.172
27.717,26.12
27.36,26.149
27.502,26.135
27.773,26.171
27.505,26.194
27.37,26.159
27.432,26.152
27.641,26.168
27.604,26.122
27.57,26.126
27.442,26.11
27.413,26.166
27.531,26.207
27.374,26.216
27.613,26.2
27.403,26.204
27.445,26.14
27.532,26.139
27.566,26.181
27.714,26.132
27.547,26.149
27.614,26.154
27.408,26.139
27.639,26.216
27.578,26.146
27.341,26.156
27.507,26.137
27.254,26.22
27.528,26.142
27.745,26.197
27.553,26.206
27.504,26.199
27.636,26.215
27.682,26.193
27.414,26.136
27.606,26.215
27.876,26.21
27.636,26.198
27.641,26.165
27.723,26.167
27.686,26.204
27.599,26.141
27.82,26.146
27.662,26.146
27.584,26.154
27.687,26.176
27.388,26.239
27.337,26.186
27.564,26.139
27.692,26.146
27.509,26.136
27.698,26.187
27.782,26.178
27.453,26.184
27.504,26.174
27.469,26.19
27.593,26.139
27.533,26.158
27.594,26.212
27.585,26.158
27.576,26.147
27.797,26.229
27.349,26.167
27.665,26.143
27.463,26.23
27.663,26.172
27.823,26.174
27.895,26.236
27.898,26.223
27.305,26.199
27.621,26.219
27.695,26.175
27.596,26.153
27.606,26.228
27.805,26.155
27.789,26.234
27.992,26.232
28.271,26.258
27.54,26.224
27.643,26.224
27.642,26.213
27.663,26.238
27.214,26.255
27.688,26.187
27.464,26.165
27.461,26.202
27.8,26.249
27.724,26.16
27.471,26.182
27.685,26.192
27.465,26.178
27.364,26.207
27.995,26.256
27.502,26.208
27.583,26.245
27.526,26.192
27.473,26.267
27.947,26.19
27.692,26.187
27.63,26.235
27.445,26.24
27.921,26.227
27.645,26.245
27.557,26.211
27.592,26.215
27.366,26.193
27.689,26.199
27.54,26.185
27.559,26.227
27.595,26.248
27.683,26.166
27.727,26.216
27.896,26.18
27.688,26.183
27.829,26.278
27.725,26.193
27.538,26.183
27.719,26.189
27.694,26.2
27.871,26.275
27.789,26.252
27.717,26.17
27.624,26.264
27.593,26.174
27.506,26.231
27.735,26.187
28.321,26.342
27.743,26.217
27.608,26.177
27.599,26.248
27.305,26.294
27.534,26.206
27.664,26.27
27.819,26.265
27.733,26.268
27.631,26.209
27.592,26.192
27.674,26.239
27.48,26.291
27.779,26.268
27.5,26.265
27.502,26.264
27.406,26.232
27.714,26.259
27.562,26.253
27.885,26.213
27.519,26.264
27.321,26.24
27.495,26.278
27.71,26.214
27.548,26.28
27.588,26.23
27.894,26.294
27.595,26.199
27.729,26.197
27.578,26.218
27.42,26.218
27.639,26.21
28.146,26.299
27.568,26.282
27.456,26.218
27.684,26.302
27.705,26.262
27.532,26.201
27.718,26.274
27.785,26.278
27.419,26.22
27.425,26.289
27.736,26.231
27.615,26.286
27.832,26.262
27.841,26.272
27.476,26.259
27.479,26.293
27.557,26.262
27.612,26.286
27.703,26.198
27.407,26.229
27.612,26.251
27.468,26.225
27.693,26.293
27.494,26.288
27.605,26.274
27.721,26.275
27.729,26.204
27.544,26.227
27.606,26.29
27.627,26.304
27.502,26.317
27.463,26.247
27.58,26.29
27.475,26.231
27.582,26.29
27.607,26.286
27.553,26.257
27.674,26.25
27.455,26.228
27.521,26.307
27.52,26.259
27.472,26.294
27.753,26.219
27.705,26.245
27.613,26.301
27.804,26.255
27.533,26.321
27.536,26.291
27.522,26.249
27.738,26.22
27.582,26.279
27.338,26.277
28.1,26.344
27.706,26.231
27.738,26.253
27.591,26.306
27.626,26.242
27.737,26.311
27.241,26.348
27.997,26.288
27.639,26.248
27.532,26.301
27.911,26.265
27.634,26.252
27.792,26.302
27.769,26.228
27.479,26.271
27.461,26.342
27.648,26.319
27.863,26.251
28.391,26.324
27.618,26.301
27.812,26.31
27.879,26.247
28.129,26.319
27.65,26.303
27.636,26.312
27.624,26.321
27.632,26.255
27.639,26.243
27.622,26.291
27.686,26.328
27.662,26.324
27.713,26.291
27.719,26.329
27.689,26.303
27.425,26.251
27.42,26.326
27.937,26.278
27.652,26.264
27.683,26.313
27.752,26.312
27.577,26.245
27.761,26.263
27.73,26.263
27.761,26.324
27.754,26.325
27.836,26.328
27.469,26.269
27.686,26.24
27.684,26.36
27.486,26.294
27.643,26.283
27.548,26.266
27.478,26.282
27.782,26.341
27.513,26.361
27.647,26.327
27.656,26.33
27.869,26.311
27.832,26.343
27.772,26.317
27.595,26.338
27.542,26.355
27.697,26.346
27.536,26.261
27.476,26.384
27.707,26.315
27.557,26.302
27.713,26.277
27.472,26.302
27.547,26.278
27.564,26.268
27.732,26.269
27.503,26.276
27.696,26.297
27.522,26.28
27.776,26.364
27.571,26.279
27.704,26.307
27.785,26.363
27.71,26.38
27.74,26.346
27.846,26.366
27.579,26.294
27.645,26.356
27.729,26.376
27.646,26.33
27.748,26.35
27.642,26.275
27.732,26.358
27.481,26.29
28.236,26.339
27.722,26.379
27.445,26.316
27.579,26.356
27.628,26.397
27.899,26.314
27.661,26.306
27.409,26.327
27.819,26.365
27.752,26.322
27.638,26.278
27.667,26.304
27.439,26.364
27.754,26.358
28.116,26.374
27.858,26.332
27.527,26.376
27.968,26.38
27.579,26.414
27.695,26.319
27.917,26.38
27.84,26.342
27.678,26.326
27.858,26.319
27.932,26.372
27.853,26.359
27.701,26.363
27.452,26.332
27.679,26.384
27.754,26.29
27.727,26.338
27.786,26.377
27.865,26.301
27.969,26.364
27.642,26.319
27.417,26.382
27.833,26.329
27.691,26.311
27.694,26.351
27.775,26.386
27.856,26.364
27.595,26.331
27.758,26.389
27.77,26.365
27.551,26.376
27.875,26.343
27.655,26.375
27.549,26.389
27.653,26.394
27.8,26.382
27.602,26.391
27.925,26.4
28.118,26.391
27.826,26.305
27.815,26.387
27.921,26.387
27.652,26.402
27.497,26.388
27.576,26.328
26.856,26.74
26.998,26.608
28.154,26.388
27.738,26.409
27.956,26.394
27.513,26.36
27.794,26.377
27.594,26.34
27.765,26.395
27.831,26.373
28.181,26.461
27.511,26.44
27.601,26.409
27.905,26.378
27.603,26.419
27.808,26.392
27.959,26.378
26.731,27.662
27.957,26.377
27.71,26.346
27.823,26.329
27.858,26.351
27.802,26.413
27.677,26.363
27.577,26.376
27.673,26.405
27.868,26.422
27.562,26.341
27.41,26.35
27.57,26.44
27.909,26.416
27.745,26.368
27.948,26.418
27.547,26.426
27.869,26.391
27.856,26.393
27.564,26.362
27.476,26.371
27.685,26.416
27.826,26.41
27.891,26.339
28.127,26.494
27.772,26.358
27.697,26.343
27.819,26.484
27.867,26.361
27.657,26.353
27.838,26.409
27.902,26.363
27.936,26.359
27.933,26.349
27.687,26.357
27.689,26.424
27.561,26.356
27.743,26.391
27.579,26.371
27.67,26.387
28.034,26.459
27.397,26.362
27.543,26.429
27.838,26.435
27.623,26.444
28.137,26.442
27.709,26.414
27.82,26.417
27.541,26.363
27.729,26.438
27.782,26.362
27.956,26.459
27.848,26.41
27.409,26.38
27.852,26.378
27.943,26.455
28.241,26.434
27.623,26.37
27.574,26.436
27.995,26.373
27.809,26.424
28.211,26.429
27.777,26.391
27.975,26.413
27.758,26.428
27.867,26.449
28.027,26.384
27.682,26.439
28.131,26.44
27.747,26.35
27.808,26.424
27.792,26.422
27.574,26.442
27.834,26.428
27.624,26.352
27.835,26.404
27.833,26.392
27.99,26.417
27.944,26.43
27.813,26.452
27.673,26.399
28.285,26.464
27.791,26.365
27.618,26.435
27.828,26.439
27.771,26.406
27.769,26.449
27.909,26.396
28.053,26.407
27.681,26.379
27.613,26.423
27.796,26.469
27.936,26.45
27.9,26.48
27.554,26.46
27.568,26.383
27.764,26.371
27.637,26.412
27.777,26.412
28.033,26.487
27.934,26.434
27.629,26.453
27.752,26.368
27.943,26.388
27.912,26.47
27.791,26.37
27.829,26.455
27.698,26.451
27.621,26.39
28.055,26.447
27.615,26.419
28.069,26.392
27.628,26.394
27.827,26.459
27.726,26.406
27.923,26.498
27.694,26.47
27.635,26.418
28.042,26.455
27.909,26.463
27.846,26.365
27.696,26.437
27.726,26.471
27.868,26.476
27.702,26.401
27.731,26.459
27.687,26.465
27.567,26.433
28.142,26.463
27.884,26.424
27.601,26.407
27.764,26.413
27.739,26.468
27.779,26.462
27.723,26.399
27.797,26.412
27.787,26.475
27.772,26.404
27.907,26.468
27.792,26.449
27.879,26.466
27.589,26.425
27.788,26.479
27.526,26.458
27.675,26.423
27.564,26.519
27.799,26.46
27.588,26.47
27.735,26.426
27.886,26.455
28.01,26.459
28.108,26.49
27.713,26.43
27.792,26.426
27.906,26.421
27.903,26.476
27.928,26.438
27.786,26.474
27.604,26.473
27.549,26.456
27.656,26.432
27.638,26.455
27.747,26.466
27.599,26.489
27.679,26.435
27.821,26.39
27.708,26.432
28.1,26.435
27.91,26.475
27.912,26.423
28.03,26.396
28.128,26.416
27.998,26.485
27.958,26.423
28.04,26.45
28.014,26.519
27.811,26.447
27.832,26.474
27.645,26.469
27.646,26.476
27.868,26.44
27.589,26.451
27.896,26.456
27.694,26.44
27.973,26.505
27.976,26.51
27.94,26.446
27.868,26.443
27.783,26.448
27.821,26.4
27.885,26.493
27.687,26.47
27.859,26.477
27.704,26.426
27.964,26.511
28.028,26.504
27.903,26.508
27.78,26.506
27.85,26.487
27.95,26.459
27.827,26.524
27.596,26.467
27.753,26.506
28.135,26.567
27.931,26.44
28.266,26.511
27.773,26.494
27.875,26.491
27.855,26.478
27.864,26.507
27.639,26.461
27.942,26.412
27.91,26.503
27.761,26.488
27.716,26.432
27.719,26.485
27.879,26.491
27.828,26.5
27.898,26.456
27.522,26.552
27.664,26.476
27.701,26.53
27.944,26.484
28.016,26.452
27.777,26.53
27.515,26.485
27.67,26.461
27.707,26.532
27.777,26.451
27.791,26.521
27.652,26.479
27.853,26.433
28.191,26.515
27.724,26.492
27.727,26.503
27.858,26.492
27.587,26.48
27.776,26.509
27.614,26.533
27.681,26.483
27.745,26.437
27.683,26.527
27.954,26.448
27.643,26.542
28.02,26.532
28.161,26.519
27.966,26.494
27.83,26.448
28.121,26.478
27.902,26.515
27.726,26.469
27.936,26.509
27.818,26.514
27.792,26.438
27.882,26.527
27.911,26.618
27.946,26.533
27.872,26.533
27.664,26.553
28.097,26.525
27.628,26.454
28.079,26.544
28.139,26.515
27.851,26.468
28.058,26.519
27.786,26.517
27.73,26.512
27.875,26.473
28.015,26.507
27.838,26.511
27.628,26.549
27.779,26.482
27.721,26.464
27.78,26.515
28.064,26.529
27.808,26.461
27.774,26.497
27.902,26.544
28.005,26.505
27.989,26.57
27.922,26.529
27.591,26.504
28.062,26.627
27.818,26.484
27.82,26.56
27.619,26.468
27.644,26.544
28.112,26.484
27.813,26.464
27.895,26.471
28.0,26.56
28.047,26.484
27.799,26.475
28.053,26.469
28.004,26.52
27.668,26.545
28.183,26.51
27.937,26.468
27.615,26.56
28.123,26.509
27.787,26.483
27.823,26.529
27.66,26.587
27.971,26.483
27.761,26.479
27.739,26.495
27.752,26.536
27.894,26.556
27.969,26.542
27.893,26.473
27.985,26.505
28.165,26.488
27.83,26.527
27.834,26.541
27.602,26.562
27.903,26.55
27.985,26.546
27.728,26.561
27.8,26.49
27.702,26.555
27.646,26.497
27.909,26.47
27.645,26.568
28.123,26.562
28.108,26.495
27.757,26.544
27.838,26.497
28.107,26.531
27.648,26.533
27.789,26.554
27.913,26.526
28.209,26.573
27.691,26.512
27.875,26.601
27.812,26.559
27.814,26.565
27.716,26.501
27.782,26.566
28.101,26.572
27.979,26.505
27.921,26.487
28.308,26.599
28.098,26.478
27.76,26.511
27.806,26.499
27.718,26.573
27.753,26.491
28.052,26.558
27.879,26.551
28.018,26.548
27.909,26.571
27.96,26.563
27.821,26.559
27.824,26.488
27.767,26.478
28.234,26.567
27.939,26.526
27.88,26.573
27.907,26.564
27.897,26.572
28.27,26.571
27.725,26.501
27.982,26.55
27.946,26.545
27.932,26.551
27.725,26.523
27.867,26.482
27.797,26.473
27.734,26.504
27.689,26.527
28.289,26.506
27.882,26.597
27.908,26.55
27.924,26.568
28.285,26.537
27.684,26.593
28.257,26.568
27.791,26.587
27.754,26.58
27.865,26.547
27.591,26.604
27.763,26.585
28.028,26.548
28.004,26.541
27.793,26.588
28.064,26.489
27.834,26.565
27.953,26.559
27.979,26.507
27.731,26.515
27.738,26.583
27.712,26.588
28.053,26.602
28.046,26.603
27.972,26.504
27.932,26.588
27.788,26.585
27.749,26.532
27.828,26.609
27.656,26.525
27.982,26.635
27.996,26.539
27.895,26.572
27.772,26.606
28.007,26.584
27.801,26.601
27.897,26.577
27.684,26.553
27.795,26.547
27.924,26.536
27.522,26.598
27.909,26.57
27.587,26.612
27.853,26.512
27.817,26.539
27.989,26.588
27.712,26.545
28.134,26.532
28.298,26.589
27.697,26.59
27.709,26.577
27.787,26.541
27.755,26.591
27.853,26.546
27.92,26.554
27.779,26.621
28.198,26.553
27.995,26.606
27.791,26.529
27.766,26.576
28.062,26.596
28.067,26.61
27.765,26.562
27.886,26.627
27.74,26.565
28.032,26.623
27.682,26.639
27.707,26.564
27.964,26.545
28.083,26.565
27.625,26.558
27.911,26.554
27.994,26.612
27.774,26.611
28.316,26.546
27.974,26.54
27.78,26.577
27.901,26.548
27.792,26.607
28.037,26.53
27.925,26.539
27.89,26.528
27.989,26.601
28.257,26.555
28.092,26.54
27.886,26.596
28.162,26.537
28.125,26.546
27.761,26.57
28.365,26.55
27.986,26.596
28.052,26.616
27.901,26.636
27.645,26.59
28.294,26.659
28.347,26.635
28.065,26.557
27.989,26.568
27.739,26.642
27.664,26.575
27.996,26.607
28.052,26.588
27.769,26.533
28.298,26.571
27.933,26.612
27.787,26.624
27.893,26.56
28.06,26.654
27.998,26.615
27.908,26.628
27.916,26.623
27.957,26.618
28.271,26.654
27.784,26.635
28.042,26.645
27.783,26.578
28.111,26.656
28.118,26.635
27.996,26.611
27.838,26.616
27.859,26.652
27.976,26.625
28.079,26.613
27.993,26.552
27.727,26.58
28.059,26.616
27.823,26.619
27.991,26.641
27.649,26.58
28.116,26.631
27.757,26.605
27.99,26.636
27.921,26.622
28.175,26.635
28.033,26.623
27.933,26.615
28.218,26.592
28.042,26.556
27.723,26.648
28.152,26.637
28.014,26.596
27.86,26.572
27.85,26.592
27.885,26.669
27.918,26.651
27.762,26.58
28.166,26.644
27.837,26.655
27.879,26.651
27.955,26.574
28.17,26.567
27.963,26.662
27.885,26.655
27.88,26.634
28.002,26.584
27.878,26.643
27.81,26.63
27.964,26.633
28.077,26.58
27.813,26.582
28.371,26.615
27.979,26.657
27.834,26.664
27.868,26.587
27.867,26.668
28.131,26.64
28.199,26.664
27.952,26.62
27.859,26.596
28.178,26.624
28.134,26.637
28.055,26.586
27.712,26.681
27.997,26.605
27.988,26.652
27.957,26.599
28.243,26.677
27.825,26.597
27.832,26.681
28.009,26.582
28.279,26.632
27.761,26.618
27.957,26.6
28.019,26.672
27.97,26.642
28.177,26.671
27.783,26.671
28.454,26.683
27.739,26.636
27.971,26.589
28.044,26.664
28.106,26.624
27.921,26.623
28.196,26.62
28.292,26.676
27.9,26.617
27.867,26.684
28.012,26.657
27.912,26.639
27.828,26.7
27.905,26.664
27.716,26.722
28.111,26.677
27.788,26.651
27.715,26.659
27.892,26.639
27.781,26.63
27.719,26.693
27.904,26.618
27.912,26.663
28.031,26.581
28.148,26.714
27.602,26.65
28.182,26.628
28.163,26.652
28.312,26.689
27.85,26.687
27.643,26.703
27.983,26.624
27.895,26.645
27.752,26.671
27.974,26.645
27.881,26.675
28.151,26.689
27.828,26.696
27.925,26.63
27.84,26.708
28.061,26.689
27.659,26.67
27.907,26.687
28.348,26.695
28.414,26.659
27.986,26.655
27.822,26.635
27.89,26.68
28.112,26.694
27.883,26.604
27.716,26.609
28.018,26.676
27.948,26.652
27.912,26.687
27.758,26.633
27.883,26.618
27.781,26.65
27.923,26.711
27.934,26.639
28.068,26.6
27.979,26.717
27.981,26.603
27.884,26.666
27.939,26.622
27.824,26.654
27.924,26.659
28.028,26.691
27.727,26.714
28.132,26.698
27.954,26.69
28.046,26.626
27.92,26.626
27.794,26.667
28.143,26.659
27.876,26.632
28.281,26.731
27.498,26.957
28.023,26.637
28.035,26.671
28.104,26.689
28.197,26.603
28.048,26.646
28.098,26.717
27.886,26.729
27.565,26.679
28.152,26.667
28.393,26.657
27.902,26.648
28.044,26.72
27.929,26.651
28.111,26.71
27.955,26.748
27.818,26.68
28.169,26.707
27.982,26.664
27.839,26.661
28.014,26.675
27.905,26.691
28.422,26.73
28.211,26.701
27.984,26.642
27.877,26.66
28.093,26.697
27.755,26.739
28.281,26.719
27.777,26.671
27.878,26.659
28.248,26.714
28.095,26.706
27.995,26.736
27.895,26.703
27.913,26.662
27.845,26.731
28.21,26.635
27.833,26.628
28.149,26.76
27.96,26.723
27.913,26.667
28.015,26.669
27.815,26.728
28.079,26.655
27.91,26.672
28.168,26.733
27.837,26.731
28.089,26.709
28.103,26.744
27.787,26.719
28.134,26.646
27.951,26.728
27.806,26.747
27.869,26.668
28.189,26.743
27.95,26.705
27.784,26.736
28.29,26.652
27.941,26.762
27.994,26.775
28.091,26.717
27.878,26.679
27.803,26.698
27.934,26.748
28.042,26.729
28.011,26.746
27.93,26.682
27.878,26.676
28.021,26.681
28.141,26.734
27.873,26.709
27.776,26.69
28.042,26.679
27.883,26.743
27.927,26.662
28.031,26.74
28.333,26.765
27.82,26.731
28.042,26.736
28.321,26.755
27.846,26.758
28.18,26.742
27.621,26.79
28.103,26.707
27.788,26.778
27.942,26.72
28.231,26.699
28.084,26.712
27.97,26.732
28.082,26.652
28.172,26.687
28.032,26.668
27.994,26.651
27.829,26.686
28.087,26.717
27.979,26.687
28.329,26.711
27.776,26.705
27.886,26.691
28.049,26.748
28.156,26.649
27.901,26.726
28.376,26.755
27.872,26.769
27.919,26.643
28.244,26.708
27.973,26.75
28.036,26.682
27.975,26.691
27.847,26.697
27.833,26.766
28.023,26.742
28.226,26.737
28.085,26.73
27.465,26.899
27.835,26.783
27.721,26.775
28.134,26.681
28.018,26.758
27.892,26.691
27.797,26.774
27.974,26.725
27.651,26.736
28.166,26.696
27.811,26.716
28.029,26.763
28.437,26.71
27.786,26.711
27.863,26.702
28.443,26.706
27.438,26.839
28.162,26.722
28.142,26.769
28.128,26.767
28.116,26.775
27.897,26.761
27.907,26.689
28.338,26.689
28.045,26.77
27.893,26.719
28.298,26.763
28.009,26.792
28.201,26.702
27.913,26.751
28.029,26.725
28.181,26.723
27.925,26.717
27.82,26.745
28.062,26.792
27.845,26.721
28.0,26.755
28.406,26.807
28.04,26.738
28.2,26.789
27.957,26.709
27.909,26.698
28.121,26.739
28.155,26.709
27.769,26.732
27.758,26.727
28.128,26.753
28.09,26.733
27.74,26.853
27.985,26.71
28.162,26.803
27.847,26.723
27.991,26.753
27.956,26.738
27.757,26.736
27.999,26.807
27.787,26.773
28.23,26.751
27.86,26.794
28.22,26.8
28.023,26.751
27.911,26.765
28.133,26.681
28.278,26.78
28.226,26.77
28.196,26.739
28.105,26.821
28.135,26.82
28.12,26.754
28.316,26.787
28.176,26.776
27.798,26.737
27.764,26.849
28.278,26.786
28.189,26.728
27.917,26.776
27.925,26.755
27.942,26.816
27.995,26.827
28.158,26.765
28.34,26.746
28.403,26.81
28.052,26.794
27.98,26.803
28.061,26.795
28.246,26.8
28.22,26.799
27.838,26.842
27.857,26.829
28.379,26.744
28.325,26.765
28.049,26.739
28.139,26.808
27.724,26.746
27.801,26.847
28.036,26.781
27.822,26.82
28.392,26.809
28.212,26.791
28.198,26.797
28.067,26.806
27.96,26.739
28.43,26.798
28.004,26.748
28.446,26.747
27.966,26.796
27.935,26.731
28.447,26.828
27.811,26.86
27.96,26.802
28.255,26.769
27.9,26.768
28.31,26.827
28.238,26.756
28.165,26.782
27.975,26.775
27.993,26.839
28.198,26.801
28.2,26.79
28.085,26.769
27.797,26.798
27.893,26.768
28.353,26.728
28.162,26.732
28.111,26.706
28.051,26.821
28.112,26.776
28.222,26.799
28.332,26.724
27.993,26.754
28.412,26.814
27.994,26.773
27.905,26.847
28.322,26.796
28.173,26.834
28.021,26.75
28.238,26.816
27.782,26.773
27.944,26.84
27.972,26.769
28.067,26.791
28.199,26.767
28.172,26.852
28.274,26.776
28.171,26.82
28.003,26.81
28.095,26.769
28.299,26.777
28.085,26.755
28.082,26.868
28.311,26.805
28.231,26.82
28.238,26.823
28.041,26.795
27.861,26.781
27.941,26.85
28.358,26.837
27.984,26.843
28.142,26.776
28.186,26.832
27.855,26.784
28.192,26.782
27.974,26.818
27.841,26.854
28.257,26.76
28.034,26.784
28.185,26.797
27.955,26.792
28.081,26.814
28.095,26.827
28.215,26.769
28.221,26.887
27.993,26.848
27.975,26.862
28.311,26.847
27.914,26.794
27.798,26.849
28.067,26.843
28.138,26.772
27.937,26.778
28.139,26.855
28.18,26.82
28.226,26.841
28.178,26.804
28.185,26.851
28.197,26.86
28.049,26.754
28.315,26.84
28.172,26.794
28.102,26.758
28.324,26.902
28.358,26.848
28.021,26.857
28.211,26.851
28.221,26.781
27.965,26.797
28.011,26.819
28.123,26.784
27.965,26.831
27.89,26.86
28.324,26.842
28.128,26.893
28.014,26.91
27.978,26.862
28.099,26.765
28.004,26.895
28.028,26.838
28.359,26.852
28.032,26.782
27.767,26.809
27.878,26.868
28.172,26.833
28.131,26.857
28.176,26.823
27.817,26.784
28.224,26.885
28.297,26.836
27.712,26.819
28.059,26.78
27.928,26.776
28.138,26.785
27.911,26.811
28.354,26.86
28.116,26.804
28.263,26.911
28.335,26.893
27.778,26.811
28.384,26.858
28.251,26.838
28.028,26.774
28.272,26.849
27.821,27.007
27.896,26.844
28.059,26.903
28.121,26.868
28.529,26.86
28.018,26.883
28.284,26.88
28.189,26.878
28.344,26.84
28.115,26.846
28.122,26.799
28.004,26.824
28.149,26.8
28.205,26.9
28.366,26.847
27.822,26.822
27.993,26.881
28.136,26.801
28.29,26.861
28.185,26.917
27.934,26.893
28.068,26.87
28.224,26.9
27.708,26.883
28.309,26.917
27.864,26.83
28.496,26.791
28.186,26.895
28.067,26.782
28.133,26.911
28.309,26.845
28.28,26.911
28.154,26.81
28.404,26.808
28.112,26.871
28.095,26.822
28.082,26.846
28.088,26.845
27.946,26.871
28.027,26.808
27.937,26.856
27.991,26.822
27.719,26.916
28.174,26.826
28.14,26.817
28.436,26.871
28.267,26.885
28.442,26.841
28.004,26.823
28.1,26.871
28.005,26.835
27.972,26.841
28.121,26.815
27.934,26.835
28.31,26.819
28.151,26.904
28.138,26.846
28.333,26.897
28.153,26.895
27.677,26.891
28.085,26.899
28.228,26.906
28.154,26.869
28.332,26.834
28.082,26.845
28.169,26.921
28.035,26.932
28.374,26.83
27.92,26.866
27.987,26.82
28.319,26.849
28.206,26.93
27.981,26.901
28.178,26.887
28.369,26.925
27.651,26.9
28.256,26.83
28.361,26.851
27.745,26.964
27.775,26.91
28.209,26.894
27.954,26.937
28.459,26.868
28.269,26.9
28.049,26.858
28.194,27.214
27.807,26.884
28.145,26.866
28.217,26.858
28.14,26.903
27.895,26.89
28.001,26.869
28.044,26.903
28.148,26.926
28.071,26.887
28.111,26.854
27.803,26.871
28.086,26.949
28.352,26.86
28.016,26.841
28.375,26.94
27.983,26.916
28.027,26.943
28.256,26.903
27.987,26.903
28.449,26.91
28.205,26.849
28.215,26.895
28.0,26.855
28.389,26.835
28.438,26.949
28.234,26.827
28.117,26.844
28.251,26.87
28.237,26.858
28.002,26.92
28.275,26.908
28.393,26.935
28.072,26.856
28.279,26.901
28.006,26.883
28.147,26.943
27.669,26.949
28.42,26.912
28.212,26.849
28.054,26.966
28.208,26.909
28.03,26.99
28.202,26.91
28.432,26.925
28.288,26.958
28.204,26.931
28.143,26.921
27.86,26.953
28.181,26.926
28.259,26.914
28.025,26.861
28.221,26.936
28.337,26.918
28.139,26.961
28.322,26.945
28.104,26.925
28.275,26.969
28.251,27.032
28.273,26.855
28.157,26.876
28.245,26.894
28.418,26.885
28.213,26.877
28.07,26.942
28.266,26.928
27.857,26.99
28.177,26.877
28.086,26.905
28.101,26.908
28.256,27.001
27.995,26.938
28.038,26.93
28.38,26.956
27.872,26.932
28.308,26.937
28.153,26.885
28.34,26.999
28.124,26.894
28.157,26.89
27.994,26.975
28.425,26.939
28.02,26.957
28.08,26.898
28.242,27.006
28.077,26.955
27.957,26.975
28.294,26.892
28.261,26.961
28.372,26.959
28.143,26.961
28.436,26.912
28.295,26.981
28.07,26.931
28.222,26.928
28.221,26.959
28.151,26.944
28.201,26.876
28.193,26.978
27.963,26.925
27.826,27.108
28.451,26.946
28.349,26.878
28.256,26.94
28.362,26.901
27.734,27.066
28.278,26.948
28.102,26.932
28.082,26.939
28.375,26.961
28.081,26.897
28.127,26.965
27.895,26.984
28.106,27.005
28.183,26.979
28.013,26.976
28.037,26.94
28.106,26.895
28.42,26.908
28.078,26.93
28.029,27.026
28.091,26.905
28.257,26.961
28.266,26.925
28.357,27.013
28.021,27.022
28.106,26.999
28.33,26.952
28.337,26.973
27.858,26.971
27.982,26.981
28.231,26.967
27.918,26.976
27.913,27.005
27.991,26.988
28.107,26.946
28.142,26.922
28.005,26.911
28.241,26.993
28.146,26.942
28.282,26.983
28.475,26.954
28.166,27.032
28.246,27.0
28.188,26.982
27.841,26.97
28.158,27.042
28.378,27.015
27.904,27.036
28.207,26.984
28.042,27.024
28.137,26.919
27.857,27.093
28.418,26.966
28.134,26.955
28.146,26.983
28.113,27.032
28.265,26.993
28.022,26.984
28.125,27.043
27.901,26.978
28.033,26.924
28.418,26.936
28.105,26.98
28.298,27.004
28.21,26.98
28.136,27.051
28.309,27.018
28.293,26.976
28.289,26.936
28.107,27.04
28.084,27.051
28.188,26.944
28.398,26.979
28.354,26.997
28.418,26.941
28.198,26.938
27.991,26.988
28.108,26.952
28.149,26.996
28.058,26.998
27.877,27.161
28.161,26.921
28.161,26.953
27.982,26.979
28.136,27.017
28.245,26.946
28.285,27.05
28.258,27.002
27.933,27.065
28.135,27.02
28.295,26.987
28.227,26.979
28.156,27.063
28.306,27.024
28.27,27.042
28.025,27.063
28.329,27.083
28.218,27.058
27.944,27.014
28.117,26.968
28.104,27.005
28.193,27.033
28.123,27.011
28.276,27.0
28.088,26.953
28.056,27.032
28.141,27.04
28.164,27.064
27.986,26.968
28.195,27.0
28.119,26.953
28.185,27.017
28.1,26.985
28.441,27.032
28.175,26.959
28.139,27.041
27.992,27.051
28.336,27.013
28.352,27.036
28.142,27.063
27.733,27.161
28.355,27.119
28.22,27.053
28.37,27.073
28.144,27.117
28.184,27.012
28.14,27.05
28.233,27.028
28.312,26.997
28.464,26.997
28.325,26.967
28.351,26.987
28.321,27.057
28.395,26.98
28.233,26.99
28.135,26.991
28.161,27.04
28.268,27.047
28.281,27.038
28.128,26.993
28.101,26.991
28.364,27.035
28.088,27.066
28.299,27.056
28.096,27.056
28.084,27.076
28.174,26.991
28.434,27.089
28.34,27.034
27.872,27.052
28.379,27.045
28.125,27.081
28.405,27.069
28.196,27.044
28.356,26.975
28.449,27.009
28.219,27.013
28.153,27.045
28.283,27.055
28.069,27.093
28.344,27.096
28.226,27.076
28.43,27.044
28.132,27.001
27.947,27.06
28.247,27.103
28.119,27.119
28.253,27.075
28.213,26.998
28.345,27.097
28.311,27.043
28.228,27.112
28.311,26.972
28.103,27.027
28.237,27.013
28.141,27.005
28.066,27.037
28.359,27.091
28.281,27.087
27.902,27.113
28.424,27.068
28.49,27.106
28.212,27.117
28.184,27.051
28.065,27.007
28.422,27.05
28.395,27.047
28.224,27.09
28.33,27.019
28.135,27.094
28.354,27.058
28.176,27.079
28.154,27.024
28.415,27.074
28.22,27.047
28.032,27.085
28.255,27.044
28.198,27.12
28.234,27.004
28.329,27.079
28.221,27.092
28.34,27.045
28.283,27.061
27.987,27.085
28.44,27.077
28.19,27.101
28.251,27.115
28.131,27.108
28.274,27.071
28.311,27.164
28.279,27.127
28.214,27.042
28.38,27.105
28.107,27.079
27.942,27.1
28.389,27.062
28.449,27.04
28.245,27.099
27.963,27.158
28.237,27.111
28.066,27.12
28.292,27.068
28.268,27.124
27.967,27.127
28.101,27.153
28.105,27.133
28.269,27.051
28.259,27.069
28.244,27.142
28.157,27.086
28.316,27.197
28.448,27.179
28.067,27.098
28.277,27.042
28.016,27.171
28.269,27.124
28.412,27.13
28.182,27.138
28.2,27.121
27.79,27.195
28.301,27.055
28.306,27.061
28.049,27.089
27.938,27.156
28.209,27.136
28.105,27.173
28.215,27.123
28.071,27.082
28.157,27.04
28.305,27.034
28.436,27.076
27.897,27.121
28.472,27.058
28.272,27.135
28.229,27.068
28.176,27.168
28.413,27.129
28.239,27.047
28.405,27.057
28.095,27.195
28.164,27.138
28.321,27.103
28.285,27.165
28.246,27.139
28.008,27.096
28.368,27.167
28.444,27.079
27.458,27.931
28.118,27.089
28.387,27.108
28.404,27.129
28.536,27.023
28.463,27.31
28.458,27.08
28.31,27.097
28.211,27.107
28.232,27.06
28.189,27.154
28.145,27.156
28.45,27.155
28.228,27.14
28.393,27.12
28.272,27.153
28.225,27.088
28.218,27.093
28.4,27.104
28.296,27.145
28.249,27.292
28.297,27.129
28.324,27.218
28.308,27.066
28.122,27.14
28.373,27.112
28.489,27.139
28.388,27.134
28.369,27.267
28.136,27.12
28.005,27.221
28.384,27.18
28.315,27.165
28.088,27.262
27.933,27.145
28.315,27.124
28.418,27.211
28.307,27.085
28.335,27.142
28.111,27.111
28.223,27.124
28.208,27.159
28.16,27.198
28.293,27.137
28.339,27.185
28.422,27.158
28.474,27.08
28.382,27.128
28.436,27.127
28.387,27.102
28.176,27.22
28.484,27.08
28.393,27.166
28.437,27.145
28.234,27.146
28.262,27.203
28.334,27.242
28.287,27.102
27.547,27.592
28.53,27.115
28.162,27.218
28.396,27.189
27.908,27.188
28.406,27.092
28.268,27.153
28.447,27.145
28.327,27.099
28.239,27.195
28.005,27.151
28.368,27.191
28.279,27.183
28.168,27.137
28.28,27.185
28.34,27.17
28.447,27.192
28.314,27.101
28.364,27.112
28.437,27.107
28.225,27.2
28.366,27.116
28.46,27.195
28.479,27.169
28.151,27.197
27.86,27.224
28.256,27.129
28.506,27.073
28.41,27.224
28.39,27.188
28.273,27.125
28.125,27.148
28.226,27.179
28.179,27.133
28.202,27.278
28.417,27.174
28.44,27.138
28.407,27.112
28.316,27.112
28.434,27.127
28.351,27.146
28.172,27.158
28.057,27.335
28.34,27.158
28.171,27.297
28.278,27.201
28.168,27.219
28.227,27.163
28.428,27.179
28.318,27.269
28.446,27.203
28.414,27.25
28.119,27.254
28.039,27.242
28.128,27.28
28.352,27.198
28.394,27.248
28.359,27.238
27.868,27.407
28.078,27.305
28.121,27.216
28.195,27.278
28.417,27.108
28.134,27.187
28.243,27.132
28.426,27.167
28.451,27.13
28.319,27.203
28.133,27.163
28.381,27.255
28.371,27.179
28.453,27.226
28.31,27.284
28.326,27.206
28.413,27.165
28.059,27.221
28.325,27.183
28.259,27.233
28.357,27.149
28.35,27.237
28.256,27.27
28.262,27.314
28.21,27.212
28.449,27.201
28.225,27.19
28.287,27.228
28.142,27.276
28.188,27.218
28.409,27.17
28.492,27.22
28.496,27.231
28.438,27.189
28.457,27.261
28.417,27.248
28.35,27.18
28.353,27.202
28.24,27.32
28.408,27.16
28.17,27.385
28.439,27.155
28.124,27.299
28.261,27.205
28.258,27.251
28.121,27.195
27.987,27.284
28.462,27.192
28.413,27.237
28.293,27.23
28.534,27.22
28.392,27.271
28.195,27.262
28.27,27.395
27.929,27.344
28.318,27.248
28.313,27.19
28.124,27.257
28.277,27.345
28.334,27.271
28.27,27.256
28.542,27.245
28.276,27.352
28.404,27.336
28.254,27.431
28.333,27.26
28.397,27.327
28.349,27.291
27.975,27.275
28.373,27.289
28.375,27.274
28.359,27.372
28.246,27.276
28.206,27.253
28.454,27.268
28.317,27.277
28.351,27.237
28.336,27.215
28.285,27.199
28.257,27.312
28.467,27.283
28.365,27.243
28.348,27.349
28.218,27.395
28.423,27.297
28.129,27.417
28.084,27.279
28.252,27.299
28.468,27.322
28.416,27.247
28.165,27.348
28.176,27.277
28.197,27.26
28.318,27.34
28.529,27.292
28.413,27.342
28.118,27.256
28.316,27.221
28.317,27.273
28.426,27.27
28.245,27.273
28.155,27.347
28.228,27.365
28.325,27.409
28.366,27.35
28.333,27.316
28.176,27.333
28.105,27.375
28.254,27.321
28.306,27.241
28.256,27.333
28.407,27.25
28.112,27.417
28.261,27.364
28.324,27.271
28.427,27.327
28.331,27.402
28.41,27.373
28.29,27.425
28.409,27.267
28.463,27.275
28.451,27.257
28.232,27.365
28.489,27.29
28.387,27.352
28.342,27.314
28.337,27.306
28.404,27.291
28.207,27.357
28.184,27.437
28.408,27.245
28.349,27.249
28.276,27.337
28.205,27.474
28.417,27.359
28.461,27.266
28.126,27.404
28.225,27.339
28.484,27.24
28.159,27.368
28.392,27.351
28.219,27.333
28.172,27.309
28.381,27.343
28.295,27.389
27.951,27.406
28.495,27.254
28.425,27.422
28.45,27.27
28.508,27.274
28.308,27.347
28.322,27.412
28.412,27.309
28.258,27.372
28.328,27.406
28.324,27.39
28.23,27.409
28.43,27.305
28.464,27.374
28.442,27.335
28.372,27.376
28.233,27.481
28.38,27.327
28.46,27.34
28.303,27.327
28.43,27.366
28.458,27.348
28.37,27.372
28.396,27.306
28.385,27.365
28.065,27.754
28.337,27.388
28.343,27.308
28.427,27.411
28.307,27.315
28.208,27.434
28.295,27.362
28.391,27.311
28.442,27.376
27.712,27.856
28.522,27.376
28.235,27.44
28.37,27.448
28.275,27.368
28.202,27.426
28.36,27.446
28.382,27.36
28.468,27.309
28.297,27.437
28.442,27.368
28.38,27.482
28.307,27.358
28.51,27.307
28.233,27.369
28.518,27.361
28.377,27.438
28.288,27.415
28.283,27.396
28.199,27.598
28.334,27.405
28.217,27.412
28.188,27.471
28.307,27.363
28.382,27.325
28.406,27.408
28.216,27.505
28.324,27.381
28.252,27.412
28.154,27.485
28.406,27.44
28.23,27.489
28.275,27.432
28.41,27.401
28.4,27.458
28.224,27.532
28.361,27.355
28.395,27.391
28.278,27.375
28.497,27.502
28.481,27.446
28.241,27.465
28.319,27.643
28.434,27.386
28.462,27.444
28.476,27.381
28.418,27.437
28.389,27.373
28.438,27.424
28.269,27.464
28.324,27.532
28.351,27.503
28.216,27.507
27.816,27.972
28.426,27.506
27.935,27.651
28.134,27.509
28.435,27.545
28.459,27.5
28.309,27.494
28.318,27.467
28.262,27.468
28.361,27.464
28.294,27.499
28.328,27.503
28.467,27.491
28.411,27.639
28.395,27.549
28.452,27.424
28.261,27.575
28.423,27.561
28.325,27.512
28.414,27.589
28.381,27.477
28.406,27.505
28.098,27.571
28.528,27.392
28.366,27.601
28.087,27.648
28.516,27.416
28.476,27.461
28.357,27.511
28.43,27.516
28.529,27.536
28.268,27.506
28.422,27.475
28.379,27.494
28.308,27.579
28.248,27.643
28.296,27.514
28.475,27.571
28.342,27.607
28.28,27.638
28.29,27.578
28.33,27.545
28.395,27.573
28.386,27.611
27.989,27.865
28.416,27.566
28.451,27.645
28.28,27.593
28.289,27.611
28.297,27.651
28.499,27.506
28.435,27.557
28.517,27.573
28.462,27.6
28.376,27.627
28.197,28.007
28.494,27.593
28.38,27.576
28.358,27.56
28.339,27.664
28.451,27.716
28.32,27.668
28.52,27.648
28.359,27.741
28.399,27.547
28.454,27.689
28.396,27.659
28.352,27.714
28.399,27.717
28.468,27.644
28.419,27.732
28.408,27.812
28.469,27.732
28.364,27.82
28.446,27.632
28.333,27.74
28.369,27.716
28.451,28.057
28.414,27.658
28.319,27.812
28.353,27.91
28.51,27.607
28.443,27.775
28.526,27.738
28.317,27.848
28.358,27.699
28.458,27.784
28.471,27.69
28.442,27.706
28.198,27.83
28.485,27.63
28.494,27.779
28.472,27.763
28.464,27.733
28.335,27.756
28.497,27.841
28.359,27.83
28.407,27.918
28.43,27.939
28.437,27.869
28.387,27.836
28.391,27.801
28.361,28.02
28.544,27.779
28.358,27.917
28.532,27.804
28.503,27.825
28.519,28.065
28.567,28.107
